{
  "setmana": 1,
  "carteres": {
    "gpt": {
      "EFECTIU": 0.0,
      "SPY": 2.6745,
      "VGK": 11.30842,
      "GLD": 3.965098,
      "TLT": 17.779872,
      "QQQ": 4.175751,
      "SMH": 1.635584
    },
    "claude": {
      "EFECTIU": 0.0,
      "SPY": 2.6745,
      "VGK": 22.6168,
      "GLD": 5.2868,
      "TLT": 23.7065,
      "QQQ": 2.7857
    },
    "gemini": {
      "EFECTIU": 0.0,
      "SPY": 2.6745,
      "VGK": 22.6168,
      "GLD": 5.2868,
      "TLT": 17.779872,
      "QQQ": 2.7857,
      "VTI": 1.348796
    },
    "deepseek": {
      "EFECTIU": 0.0,
      "SPY": 2.6745,
      "VGK": 22.6168,
      "GLD": 5.2868,
      "TLT": 23.7065,
      "QQQ": 2.7857
    },
    "mistral": {
      "EFECTIU": 0.0,
      "SPY": 2.6745,
      "VGK": 16.96261,
      "GLD": 5.2868,
      "TLT": 17.779872,
      "QQQ": 1.392865,
      "SMH": 1.635585,
      "EWJ": 5.354083,
      "BIL": 5.455346
    }
  },
  "index_unitats": 13.372559507889811
}