{
  "setmana": 3,
  "carteres": {
    "gpt": {
      "EFECTIU": 0.0,
      "SPY": 2.6745,
      "VGK": 11.30842,
      "GLD": 3.965098,
      "TLT": 17.779872,
      "QQQ": 4.175751,
      "SMH": 1.635584
    },
    "claude": {
      "EFECTIU": 0.0,
      "SPY": 2.6745,
      "VGK": 22.6168,
      "GLD": 5.2868,
      "TLT": 23.7065,
      "QQQ": 2.7857
    },
    "gemini": {
      "EFECTIU": 0.0,
      "SPY": 2.6745,
      "VGK": 22.6168,
      "GLD": 5.2868,
      "TLT": 17.779872,
      "QQQ": 2.7857,
      "VTI": 1.348796
    },
    "deepseek": {
      "EFECTIU": 0.0,
      "SPY": 2.6745,
      "VGK": 22.6168,
      "GLD": 5.2868,
      "TLT": 23.7065,
      "QQQ": 2.7857
    },
    "mistral": {
      "EFECTIU": 0.0,
      "SPY": 2.6745,
      "VGK": 16.96261,
      "GLD": 1.971238,
      "TLT": 8.90098,
      "QQQ": 2.079502,
      "SMH": 2.45224,
      "EWJ": 13.270537,
      "BIL": 4.5e-05,
      "IEF": 7.994241
    }
  },
  "index_unitats": 13.372559507889811
}