{
  "setmana": 5,
  "carteres": {
    "gpt": {
      "EFECTIU": 0.0,
      "SPY": 2.6745,
      "VGK": 11.30842,
      "GLD": 3.965098,
      "TLT": 17.779872,
      "QQQ": 4.175751,
      "SMH": 1.635584
    },
    "claude": {
      "EFECTIU": 0.0,
      "SPY": 2.6745,
      "VGK": 22.6168,
      "GLD": 5.2868,
      "TLT": 23.7065,
      "QQQ": 2.7857
    },
    "gemini": {
      "EFECTIU": 0.0,
      "SPY": 2.6745,
      "VGK": 22.6168,
      "GLD": 3.929616,
      "TLT": 17.779872,
      "QQQ": 2.066617,
      "VTI": 4.06807
    },
    "deepseek": {
      "EFECTIU": 0.0,
      "SPY": 2.6745,
      "VGK": 22.6168,
      "GLD": 5.2868,
      "TLT": 23.7065,
      "QQQ": 2.7857
    },
    "mistral": {
      "EFECTIU": 0.0,
      "SPY": 2.6745,
      "VGK": 24.803195,
      "GLD": 0.985624,
      "TLT": 8.90098,
      "QQQ": 3e-06,
      "SMH": 0.61306,
      "EWJ": 13.270537,
      "BIL": 4.5e-05,
      "IEF": 19.672149,
      "USMV": 7.469201,
      "SPLV": 4.447015
    }
  },
  "index_unitats": 13.372559507889811
}